"requestdatetime","operation","key"
"12/Sep/2026:10:25:34 +0000","REST.GET.OBJECT","project-data/FILE_3.txt"
"12/Sep/2026:10:25:27 +0000","REST.GET.OBJECT","project-data/FILE_3.txt"
"12/Sep/2026:10:25:23 +0000","REST.GET.OBJECT","project-data/FILE_3.txt"
"12/Sep/2026:10:25:19 +0000","REST.GET.OBJECT","project-data/FILE_3.txt"
"12/Sep/2026:10:25:14 +0000","REST.GET.OBJECT","project-data/FILE_3.txt"
"12/Sep/2026:10:25:12 +0000","REST.HEAD.OBJECT","project-data/FILE_3.txt"
"12/Sep/2026:10:25:11 +0000","REST.GET.OBJECT_ANNOTATIONS","project-data/FILE_3.txt"
"12/Sep/2026:10:25:11 +0000","REST.OPTIONS.PREFLIGHT","project-data/FILE_3.txt"
"12/Sep/2026:10:25:11 +0000","REST.OPTIONS.PREFLIGHT","project-data/FILE_3.txt"
"12/Sep/2026:10:25:11 +0000","REST.HEAD.OBJECT","project-data/FILE_3.txt"
"12/Sep/2026:10:25:11 +0000","REST.HEAD.OBJECT","project-data/FILE_3.txt"
"12/Sep/2026:10:25:11 +0000","REST.GET.OBJECT_TAGGING","project-data/FILE_3.txt"
"12/Sep/2026:10:25:11 +0000","REST.OPTIONS.PREFLIGHT","project-data/FILE_3.txt"
"12/Sep/2026:10:25:11 +0000","REST.OPTIONS.PREFLIGHT","project-data/FILE_3.txt"
"12/Sep/2026:10:25:11 +0000","REST.OPTIONS.PREFLIGHT","project-data/FILE_3.txt"
"12/Sep/2026:10:24:58 +0000","REST.GET.OBJECT","project-data/FILE_2.txt"
"12/Sep/2026:10:24:54 +0000","REST.GET.OBJECT","project-data/FILE_2.txt"
"12/Sep/2026:10:24:49 +0000","REST.GET.OBJECT","project-data/FILE_2.txt"
"12/Sep/2026:10:24:45 +0000","REST.GET.OBJECT","project-data/FILE_2.txt"
"12/Sep/2026:10:24:39 +0000","REST.GET.OBJECT","project-data/FILE_2.txt"
"12/Sep/2026:10:24:37 +0000","REST.OPTIONS.PREFLIGHT","project-data/FILE_2.txt"
"12/Sep/2026:10:24:37 +0000","REST.HEAD.OBJECT","project-data/FILE_2.txt"
"12/Sep/2026:10:24:37 +0000","REST.GET.OBJECT_ANNOTATIONS","project-data/FILE_2.txt"
"12/Sep/2026:10:24:37 +0000","REST.OPTIONS.PREFLIGHT","project-data/FILE_2.txt"
"12/Sep/2026:10:24:37 +0000","REST.OPTIONS.PREFLIGHT","project-data/FILE_2.txt"
"12/Sep/2026:10:24:37 +0000","REST.HEAD.OBJECT","project-data/FILE_2.txt"
"12/Sep/2026:10:24:37 +0000","REST.GET.OBJECT_TAGGING","project-data/FILE_2.txt"
"12/Sep/2026:10:24:37 +0000","REST.OPTIONS.PREFLIGHT","project-data/FILE_2.txt"
"12/Sep/2026:10:24:37 +0000","REST.HEAD.OBJECT","project-data/FILE_2.txt"
"12/Sep/2026:10:24:37 +0000","REST.OPTIONS.PREFLIGHT","project-data/FILE_2.txt"
"12/Sep/2026:10:24:14 +0000","REST.GET.OBJECT","project-data/FILE%2B_1.txt"
"12/Sep/2026:10:24:08 +0000","REST.GET.OBJECT","project-data/FILE%2B_1.txt"
"12/Sep/2026:10:24:02 +0000","REST.GET.OBJECT","project-data/FILE%2B_1.txt"
"12/Sep/2026:10:23:56 +0000","REST.GET.OBJECT","project-data/FILE%2B_1.txt"
"12/Sep/2026:10:23:50 +0000","REST.GET.OBJECT","project-data/FILE%2B_1.txt"
"12/Sep/2026:10:23:48 +0000","REST.HEAD.OBJECT","project-data/FILE%2B_1.txt"
"12/Sep/2026:10:23:48 +0000","REST.GET.OBJECT_TAGGING","project-data/FILE%2B_1.txt"
"12/Sep/2026:10:23:48 +0000","REST.HEAD.OBJECT","project-data/FILE%2B_1.txt"
"12/Sep/2026:10:23:48 +0000","REST.OPTIONS.PREFLIGHT","project-data/FILE%2B_1.txt"
"12/Sep/2026:10:23:48 +0000","REST.OPTIONS.PREFLIGHT","project-data/FILE%2B_1.txt"
"12/Sep/2026:10:23:48 +0000","REST.OPTIONS.PREFLIGHT","project-data/FILE%2B_1.txt"
"12/Sep/2026:10:23:48 +0000","REST.OPTIONS.PREFLIGHT","project-data/FILE%2B_1.txt"
"12/Sep/2026:10:23:48 +0000","REST.HEAD.OBJECT","project-data/FILE%2B_1.txt"
"12/Sep/2026:10:23:48 +0000","REST.OPTIONS.PREFLIGHT","project-data/FILE%2B_1.txt"
"12/Sep/2026:10:23:48 +0000","REST.GET.OBJECT_ANNOTATIONS","project-data/FILE%2B_1.txt"
"12/Sep/2026:10:08:55 +0000","REST.GET.OBJECT","project-data/FILE_2.txt"
"12/Sep/2026:10:08:47 +0000","REST.GET.OBJECT","project-data/FILE_2.txt"
"12/Sep/2026:10:08:41 +0000","REST.OPTIONS.PREFLIGHT","project-data/FILE_2.txt"
"12/Sep/2026:10:08:41 +0000","REST.OPTIONS.PREFLIGHT","project-data/FILE_2.txt"
"12/Sep/2026:10:08:41 +0000","REST.HEAD.OBJECT","project-data/FILE_2.txt"
"12/Sep/2026:10:08:41 +0000","REST.OPTIONS.PREFLIGHT","project-data/FILE_2.txt"
"12/Sep/2026:10:08:41 +0000","REST.HEAD.OBJECT","project-data/FILE_2.txt"
"12/Sep/2026:10:08:41 +0000","REST.GET.OBJECT_ANNOTATIONS","project-data/FILE_2.txt"
"12/Sep/2026:10:08:41 +0000","REST.OPTIONS.PREFLIGHT","project-data/FILE_2.txt"
"12/Sep/2026:10:08:41 +0000","REST.GET.OBJECT_TAGGING","project-data/FILE_2.txt"
"12/Sep/2026:10:08:41 +0000","REST.OPTIONS.PREFLIGHT","project-data/FILE_2.txt"
"12/Sep/2026:10:08:41 +0000","REST.HEAD.OBJECT","project-data/FILE_2.txt"
"12/Sep/2026:10:08:31 +0000","REST.GET.OBJECT","project-data/FILE%2B_1.txt"
"12/Sep/2026:10:08:26 +0000","REST.GET.OBJECT","project-data/FILE%2B_1.txt"
"12/Sep/2026:10:08:09 +0000","REST.GET.OBJECT","project-data/FILE%2B_1.txt"
"12/Sep/2026:10:07:57 +0000","REST.GET.OBJECT","project-data/FILE%2B_1.txt"
"12/Sep/2026:10:07:50 +0000","REST.OPTIONS.PREFLIGHT","project-data/FILE%2B_1.txt"
"12/Sep/2026:10:07:50 +0000","REST.OPTIONS.PREFLIGHT","project-data/FILE%2B_1.txt"
"12/Sep/2026:10:07:50 +0000","REST.GET.OBJECT_TAGGING","project-data/FILE%2B_1.txt"
"12/Sep/2026:10:07:50 +0000","REST.GET.OBJECT_ANNOTATIONS","project-data/FILE%2B_1.txt"
"12/Sep/2026:10:07:50 +0000","REST.HEAD.OBJECT","project-data/FILE%2B_1.txt"
"12/Sep/2026:10:07:50 +0000","REST.OPTIONS.PREFLIGHT","project-data/FILE%2B_1.txt"
"12/Sep/2026:10:07:50 +0000","REST.HEAD.OBJECT","project-data/FILE%2B_1.txt"
"12/Sep/2026:10:07:50 +0000","REST.OPTIONS.PREFLIGHT","project-data/FILE%2B_1.txt"
"12/Sep/2026:10:07:50 +0000","REST.OPTIONS.PREFLIGHT","project-data/FILE%2B_1.txt"
"12/Sep/2026:10:07:50 +0000","REST.HEAD.OBJECT","project-data/FILE%2B_1.txt"
"12/Sep/2026:10:06:25 +0000","REST.OPTIONS.PREFLIGHT","project-data/FILE%2B_1.txt"
"12/Sep/2026:10:06:25 +0000","REST.COPY.OBJECT","project-data/FILE_3.txt"
"12/Sep/2026:10:06:25 +0000","REST.OPTIONS.PREFLIGHT","project-data/FILE_3.txt"
"12/Sep/2026:10:06:25 +0000","REST.HEAD.OBJECT","project-data/FILE_2.txt"
"12/Sep/2026:10:06:25 +0000","REST.COPY.OBJECT","project-data/FILE%2B_1.txt"
"12/Sep/2026:10:06:25 +0000","REST.OPTIONS.PREFLIGHT","project-data/FILE_2.txt"
"12/Sep/2026:10:06:25 +0000","REST.HEAD.OBJECT","project-data/FILE%2B_1.txt"
"12/Sep/2026:10:06:25 +0000","REST.HEAD.OBJECT","project-data/FILE_3.txt"
"12/Sep/2026:10:06:24 +0000","REST.OPTIONS.PREFLIGHT","project-data/FILE%2B_1.txt"
"12/Sep/2026:10:06:24 +0000","REST.COPY.OBJECT","project-data/FILE_2.txt"
"12/Sep/2026:10:06:24 +0000","REST.OPTIONS.PREFLIGHT","project-data/FILE_3.txt"
"12/Sep/2026:10:06:24 +0000","REST.OPTIONS.PREFLIGHT","project-data/FILE_2.txt"
